{"cameraMode":{"drawMode":0,"name":"Shaded","section":"Shading Mode"},"sceneLighting":false,"audioPlay":false,"sceneViewState":{"showFog":false,"showMaterialUpdate":false,"showSkybox":false,"showFlares":true,"showImageEffects":true,"showParticleSystems":true},"in2DMode":false,"pivot":{"x":-4.984699249267578,"y":0.31506872177124026,"z":0.3078736364841461},"rotation":{"x":-0.10573464632034302,"y":0.8624588251113892,"z":-0.20176586508750916,"w":-0.4519684910774231},"size":1.8721870183944703,"orthographic":false}